{
  "name": "Default Container",
  "image": "mcr.microsoft.com/devcontainers/base:ubuntu",
  "features": {
    "ghcr.io/devcontainers/features/python:1": {
      "installJupyterlab": false
    },
    "ghcr.io/rocker-org/devcontainer-features/quarto-cli:1": {
      "version": "prerelease",
      "installTinyTex": true,
      "installChromium": false
    }
  },
  "postCreateCommand": "python3 -m pip3 install -r requirements.txt",
  "customizations": {
    "vscode": {
      "extensions": [
        "sumneko.lua",
        "ms-toolsai.jupyter",
        "ms-python.vscode-pylance",
        "ms-python.python",
        "ms-toolsai.vscode-jupyter-cell-tags",
        "ms-toolsai.jupyter-keymap",
        "ms-toolsai.jupyter-renderers",
        "ms-toolsai.vscode-jupyter-slideshow"
      ]
    },
    "codespaces": {
      "openFiles": [
        "article.ipynb"
      ]
    }
  }
}