{
  "name": "Default Container",
  "image": "mcr.microsoft.com/devcontainers/base:ubuntu",
  "features": {
    "ghcr.io/devcontainers/features/python:1": {
      "installJupyterlab": false
    },
    "ghcr.io/rocker-org/devcontainer-features/quarto-cli:1": {
      "version": "prerelease",
      "installTinyTex": true,
      "installChromium": false
    },
    "ghcr.io/devcontainers/features/conda:1": {
      "addCondaForge": true
    }
  },
  "postCreateCommand": "conda env create -f environment.yml",
  "customizations": {
    "codespaces": {
      "openFiles": [
        "article.ipynb"
      ]
    }
  }
}