<?xml version="1" encoding="UTF-8"?>
<!DOCTYPE manifest PUBLIC "-//MECA//DTD Manifest v1.0//en" "MECA_manifest.dtd">
<manifest manifest-version="2.0" xmlns="https://www.manuscriptexchange.org/schema/manifest" xmlns:xlink="http://www.w3.org/1999/xlink">
  <item item-type="article-metadata">
    <instance media-type="text/xml" xlink:href="article.xml"/>
  </item>
  <item item-type="manuscript">
    <instance media-type="application/vnd.openxmlformats-officedocument.wordprocessingml.document" xlink:href="article.docx"/>
  </item>
  <item item-type="manuscript">
    <instance media-type="application/pdf" xlink:href="article.pdf"/>
  </item>
  <item item-type="manuscript_reference">
    <instance media-type="image/png" xlink:href="article_files/figure-jats/fig-timeline-output-1.png"/>
  </item>
  <item item-type="manuscript_reference">
    <instance media-type="image/png" xlink:href="article_files/figure-jats/fig-cumulative-output-1.png"/>
  </item>
  <item item-type="execution_environment">
    <instance media-type="undefined" xlink:href="environment.yml"/>
  </item>
  <item item-type="manuscript_resource">
    <instance media-type="image/png" xlink:href="images/la-palma-map.png"/>
  </item>
  <item item-type="manuscript_resource">
    <instance media-type="image/png" xlink:href="images/reservoirs.png"/>
  </item>
  <item item-type="manuscript_resource">
    <instance media-type="undefined" xlink:href="data/lapalma_ign.csv"/>
  </item>
  <item item-type="manuscript_resource">
    <instance media-type="undefined" xlink:href="article.ipynb"/>
  </item>
</manifest>